YEAR,DATE,TIME,Hour,STREET1,STREET2,OFFSET,ROAD_CLASS,DISTRICT,LATITUDE,LONGITUDE,LOCCOORD,ACCLOC,TRAFFCTL,VISIBILITY,LIGHT,RDSFCOND,ACCLASS,IMPACTYPE,INVTYPE,INVAGE,INJURY,INITDIR,VEHTYPE,MANOEUVER,DRIVACT,DRIVCOND,PEDTYPE,PEDACT,PEDCOND,CYCLISTYPE,CYCACT,CYCCOND,INVOLVED,RELATED,Neighbourh
2011,2011-09-16 4:00:00 AM,845,8,MIDDLEFIELD RD,PASSMORE AVE,,MINOR ARTERIAL,SCARBOROUGH,43.827345,-79.26519,INTERSECTION,AT INTERSECTION,TRAFFIC SIGNAL,CLEAR,DAYLIGHT,DRY,NON-FATAL INJURY,CYCLIST COLLISIONS,VEHICLE OWNER,unknown,,,OTHER,,,,,,,,,,"CYCLIST,AUTOMOBILE",AGGRESIVE AND DISTRACTED,Milliken (130)
2011,2011-09-16 4:00:00 AM,845,8,MIDDLEFIELD RD,PASSMORE AVE,,MINOR ARTERIAL,SCARBOROUGH,43.827345,-79.26519,INTERSECTION,AT INTERSECTION,TRAFFIC SIGNAL,CLEAR,DAYLIGHT,DRY,NON-FATAL INJURY,CYCLIST COLLISIONS,DRIVER,60 to 64,NONE,SOUTH,"AUTOMOBILE, STATION WAGON",TURNING LEFT,FAILED TO YIELD RIGHT OF WAY,INATTENTIVE,,,,,,,"CYCLIST,AUTOMOBILE",AGGRESIVE AND DISTRACTED,Milliken (130)
2011,2011-09-16 4:00:00 AM,845,8,MIDDLEFIELD RD,PASSMORE AVE,,MINOR ARTERIAL,SCARBOROUGH,43.827345,-79.26519,INTERSECTION,AT INTERSECTION,TRAFFIC SIGNAL,CLEAR,DAYLIGHT,DRY,NON-FATAL INJURY,CYCLIST COLLISIONS,CYCLIST,75 to 79,MAJOR,NORTH,BICYCLE,GOING AHEAD,,,,,,Motorist turned left across cyclists path.,Driving Properly,Normal,"CYCLIST,AUTOMOBILE",AGGRESIVE AND DISTRACTED,Milliken (130)
2012,2012-05-01 4:00:00 AM,845,8,O CONNOR DR,BERMONDSEY RD,,MAJOR ARTERIAL,TORONTO AND EAST YORK,43.713545,-79.30649,MID-BLOCK,,NO CONTROL,CLEAR,DAYLIGHT,DRY,NON-FATAL INJURY,CYCLIST COLLISIONS,VEHICLE OWNER,unknown,,,OTHER,,,,,,,,,,"CYCLIST,AUTOMOBILE",,O'Connor-Parkview (54)
2012,2012-05-01 4:00:00 AM,845,8,O CONNOR DR,BERMONDSEY RD,,MAJOR ARTERIAL,TORONTO AND EAST YORK,43.713545,-79.30649,MID-BLOCK,,NO CONTROL,CLEAR,DAYLIGHT,DRY,NON-FATAL INJURY,CYCLIST COLLISIONS,DRIVER,35 to 39,NONE,SOUTH,"AUTOMOBILE, STATION WAGON",TURNING RIGHT,IMPROPER TURN,INATTENTIVE,,,,,,,"CYCLIST,AUTOMOBILE",,O'Connor-Parkview (54)
2012,2012-05-01 4:00:00 AM,845,8,O CONNOR DR,BERMONDSEY RD,,MAJOR ARTERIAL,TORONTO AND EAST YORK,43.713545,-79.30649,MID-BLOCK,,NO CONTROL,CLEAR,DAYLIGHT,DRY,NON-FATAL INJURY,CYCLIST COLLISIONS,CYCLIST,50 to 54,MAJOR,SOUTH,BICYCLE,GOING AHEAD,,,,,,"Motorist turns right at non-signal Inter.(stop, yield, no cont.,and dwy) and strikes cyclist.",Driving Properly,Normal,"CYCLIST,AUTOMOBILE",,O'Connor-Parkview (54)
2013,2013-08-23 4:00:00 AM,845,8,GREENWOOD AVE,GERRARD ST E,,MINOR ARTERIAL,TORONTO AND EAST YORK,43.671061,-79.328082,INTERSECTION,,NO CONTROL,CLEAR,DAYLIGHT,DRY,NON-FATAL INJURY,TURNING MOVEMENT,VEHICLE OWNER,unknown,,,OTHER,,,,,,,,,,"CYCLIST,AUTOMOBILE",AGGRESIVE AND DISTRACTED,South Riverdale (70)
2013,2013-08-23 4:00:00 AM,845,8,GREENWOOD AVE,GERRARD ST E,,MINOR ARTERIAL,TORONTO AND EAST YORK,43.671061,-79.328082,INTERSECTION,,NO CONTROL,CLEAR,DAYLIGHT,DRY,NON-FATAL INJURY,TURNING MOVEMENT,DRIVER,25 to 29,NONE,SOUTH,"AUTOMOBILE, STATION WAGON",TURNING RIGHT,FAILED TO YIELD RIGHT OF WAY,INATTENTIVE,,,,,,,"CYCLIST,AUTOMOBILE",AGGRESIVE AND DISTRACTED,South Riverdale (70)
2013,2013-08-23 4:00:00 AM,845,8,GREENWOOD AVE,GERRARD ST E,,MINOR ARTERIAL,TORONTO AND EAST YORK,43.671061,-79.328082,INTERSECTION,,NO CONTROL,CLEAR,DAYLIGHT,DRY,NON-FATAL INJURY,TURNING MOVEMENT,MOPED DRIVER,40 to 44,MAJOR,SOUTH,MOPED,GOING AHEAD,DRIVING PROPERLY,NORMAL,,,,,,,"CYCLIST,AUTOMOBILE",AGGRESIVE AND DISTRACTED,South Riverdale (70)
2016,2016-05-18 4:00:00 AM,845,8,580 CHRISTIE ST,,2 m East of,MINOR ARTERIAL,TORONTO AND EAST YORK,43.679186,-79.42467,MID-BLOCK,AT/NEAR PRIVATE DRIVE,NO CONTROL,CLEAR,DAYLIGHT,DRY,NON-FATAL INJURY,CYCLIST COLLISIONS,DRIVER,30 to 34,NONE,NORTH,DELIVERY VAN,TURNING LEFT,FAILED TO YIELD RIGHT OF WAY,OTHER,,,,,,,"CYCLIST,AUTOMOBILE,PASSENGER",AGGRESIVE AND DISTRACTED,Wychwood (94)
2016,2016-05-18 4:00:00 AM,845,8,580 CHRISTIE ST,,2 m East of,MINOR ARTERIAL,TORONTO AND EAST YORK,43.679186,-79.42467,MID-BLOCK,AT/NEAR PRIVATE DRIVE,NO CONTROL,CLEAR,DAYLIGHT,DRY,NON-FATAL INJURY,CYCLIST COLLISIONS,CYCLIST,20 to 24,MAJOR,SOUTH,BICYCLE,GOING AHEAD,,,,,,Motorist turned left across cyclists path.,Driving Properly,Normal,"CYCLIST,AUTOMOBILE,PASSENGER",AGGRESIVE AND DISTRACTED,Wychwood (94)
2016,2016-05-18 4:00:00 AM,845,8,580 CHRISTIE ST,,2 m East of,MINOR ARTERIAL,TORONTO AND EAST YORK,43.679186,-79.42467,MID-BLOCK,AT/NEAR PRIVATE DRIVE,NO CONTROL,CLEAR,DAYLIGHT,DRY,NON-FATAL INJURY,CYCLIST COLLISIONS,PASSENGER,30 to 34,NONE,,,,,,,,,,,,"CYCLIST,AUTOMOBILE,PASSENGER",AGGRESIVE AND DISTRACTED,Wychwood (94)
2017,2017-03-21 4:00:00 AM,845,8,LAKE SHORE BLVD E,DON ROADWAY,16 m East of,EXPRESSWAY,TORONTO AND EAST YORK,43.65082,-79.346919,INTERSECTION,AT INTERSECTION,TRAFFIC SIGNAL,CLEAR,DAYLIGHT,DRY,NON-FATAL INJURY,CYCLIST COLLISIONS,DRIVER,65 to 69,NONE,EAST,"AUTOMOBILE, STATION WAGON",GOING AHEAD,DRIVING PROPERLY,NORMAL,,,,,,,"CYCLIST,AUTOMOBILE",,South Riverdale (70)
2017,2017-03-21 4:00:00 AM,845,8,LAKE SHORE BLVD E,DON ROADWAY,16 m East of,EXPRESSWAY,TORONTO AND EAST YORK,43.65082,-79.346919,INTERSECTION,AT INTERSECTION,TRAFFIC SIGNAL,CLEAR,DAYLIGHT,DRY,NON-FATAL INJURY,CYCLIST COLLISIONS,CYCLIST,50 to 54,MAJOR,SOUTH,BICYCLE,GOING AHEAD,,,,,,"Cyclist without ROW rides into path of motorist at inter, lnwy, dwy-Cyclist not turn.",Disobeyed Traffic Control,Inattentive,"CYCLIST,AUTOMOBILE",,South Riverdale (70)
2012,2012-09-17 4:00:00 AM,851,8,BAY ST,FRONT ST W,,MAJOR ARTERIAL,TORONTO AND EAST YORK,43.645945,-79.37909,INTERSECTION,AT INTERSECTION,TRAFFIC SIGNAL,CLEAR,DAYLIGHT,DRY,NON-FATAL INJURY,CYCLIST COLLISIONS,VEHICLE OWNER,unknown,,,OTHER,,,,,,,,,,"CYCLIST,TRUCK",AGGRESIVE AND DISTRACTED,Waterfront Communities-The Island (77)
2012,2012-09-17 4:00:00 AM,851,8,BAY ST,FRONT ST W,,MAJOR ARTERIAL,TORONTO AND EAST YORK,43.645945,-79.37909,INTERSECTION,AT INTERSECTION,TRAFFIC SIGNAL,CLEAR,DAYLIGHT,DRY,NON-FATAL INJURY,CYCLIST COLLISIONS,TRUCK DRIVER,45 to 49,NONE,NORTH,TRUCK - OPEN,OVERTAKING,IMPROPER PASSING,INATTENTIVE,,,,,,,"CYCLIST,TRUCK",AGGRESIVE AND DISTRACTED,Waterfront Communities-The Island (77)
2012,2012-09-17 4:00:00 AM,851,8,BAY ST,FRONT ST W,,MAJOR ARTERIAL,TORONTO AND EAST YORK,43.645945,-79.37909,INTERSECTION,AT INTERSECTION,TRAFFIC SIGNAL,CLEAR,DAYLIGHT,DRY,NON-FATAL INJURY,CYCLIST COLLISIONS,OTHER,unknown,NONE,,OTHER,,,,,,,,,,"CYCLIST,TRUCK",AGGRESIVE AND DISTRACTED,Waterfront Communities-The Island (77)
2012,2012-09-17 4:00:00 AM,851,8,BAY ST,FRONT ST W,,MAJOR ARTERIAL,TORONTO AND EAST YORK,43.645945,-79.37909,INTERSECTION,AT INTERSECTION,TRAFFIC SIGNAL,CLEAR,DAYLIGHT,DRY,NON-FATAL INJURY,CYCLIST COLLISIONS,OTHER PROPERTY OWNER,unknown,,,OTHER,,,,,,,,,,"CYCLIST,TRUCK",AGGRESIVE AND DISTRACTED,Waterfront Communities-The Island (77)
2012,2012-09-17 4:00:00 AM,851,8,BAY ST,FRONT ST W,,MAJOR ARTERIAL,TORONTO AND EAST YORK,43.645945,-79.37909,INTERSECTION,AT INTERSECTION,TRAFFIC SIGNAL,CLEAR,DAYLIGHT,DRY,NON-FATAL INJURY,CYCLIST COLLISIONS,CYCLIST,25 to 29,MAJOR,NORTH,BICYCLE,GOING AHEAD,,,,,,Cyclist and Driver travelling in same direction. One vehicle sideswipes the other.,Driving Properly,Normal,"CYCLIST,TRUCK",AGGRESIVE AND DISTRACTED,Waterfront Communities-The Island (77)
2013,2013-01-19 5:00:00 AM,852,8,DAVENPORT RD,SHAW ST,,MINOR ARTERIAL,TORONTO AND EAST YORK,43.674745,-79.42829,INTERSECTION,AT INTERSECTION,PEDESTRIAN CROSSOVER,CLEAR,DARK,WET,NON-FATAL INJURY,CYCLIST COLLISIONS,DRIVER,60 to 64,NONE,WEST,"AUTOMOBILE, STATION WAGON",TURNING LEFT,FAILED TO YIELD RIGHT OF WAY,INATTENTIVE,,,,,,,"CYCLIST,AUTOMOBILE",AGGRESIVE AND DISTRACTED,Wychwood (94)
2013,2013-01-19 5:00:00 AM,852,8,DAVENPORT RD,SHAW ST,,MINOR ARTERIAL,TORONTO AND EAST YORK,43.674745,-79.42829,INTERSECTION,AT INTERSECTION,PEDESTRIAN CROSSOVER,CLEAR,DARK,WET,NON-FATAL INJURY,CYCLIST COLLISIONS,CYCLIST,25 to 29,MAJOR,EAST,BICYCLE,GOING AHEAD,,,,,,Motorist turned left across cyclists path.,Driving Properly,Normal,"CYCLIST,AUTOMOBILE",AGGRESIVE AND DISTRACTED,Wychwood (94)
2008,2008-06-12 4:00:00 AM,853,8,KING STRE W,BATHURST STRE,,MAJOR ARTERIAL,TORONTO AND EAST YORK,43.643945,-79.40269,INTERSECTION,AT INTERSECTION,TRAFFIC SIGNAL,CLEAR,DAYLIGHT,DRY,NON-FATAL INJURY,CYCLIST COLLISIONS,DRIVER,30 to 34,NONE,EAST,"AUTOMOBILE, STATION WAGON",STOPPED,DRIVING PROPERLY,NORMAL,,,,,,,"CYCLIST,AUTOMOBILE",,Waterfront Communities-The Island (77)
2008,2008-06-12 4:00:00 AM,853,8,KING STRE W,BATHURST STRE,,MAJOR ARTERIAL,TORONTO AND EAST YORK,43.643945,-79.40269,INTERSECTION,AT INTERSECTION,TRAFFIC SIGNAL,CLEAR,DAYLIGHT,DRY,NON-FATAL INJURY,CYCLIST COLLISIONS,CYCLIST,40 to 44,MAJOR,EAST,BICYCLE,GOING AHEAD,,,,,,Cyclist and Driver travelling in same direction. One vehicle sideswipes the other.,Lost control,Normal,"CYCLIST,AUTOMOBILE",,Waterfront Communities-The Island (77)
2010,2010-05-20 4:00:00 AM,855,8,MOUNT PLEASANT RD,PENROSE RD,,MAJOR ARTERIAL,TORONTO AND EAST YORK,43.703245,-79.38819,INTERSECTION,AT INTERSECTION,NO CONTROL,CLEAR,DAYLIGHT,DRY,NON-FATAL INJURY,TURNING MOVEMENT,MOPED DRIVER,20 to 24,MAJOR,SOUTH,MOPED,GOING AHEAD,DRIVING PROPERLY,NORMAL,,,,,,,"CYCLIST,AUTOMOBILE","SPEEDING,AGGRESIVE AND DISTRACTED",Mount Pleasant West (104)
2010,2010-05-20 4:00:00 AM,855,8,MOUNT PLEASANT RD,PENROSE RD,,MAJOR ARTERIAL,TORONTO AND EAST YORK,43.703245,-79.38819,INTERSECTION,AT INTERSECTION,NO CONTROL,CLEAR,DAYLIGHT,DRY,NON-FATAL INJURY,TURNING MOVEMENT,VEHICLE OWNER,unknown,,,OTHER,,,,,,,,,,"CYCLIST,AUTOMOBILE","SPEEDING,AGGRESIVE AND DISTRACTED",Mount Pleasant West (104)
2010,2010-05-20 4:00:00 AM,855,8,MOUNT PLEASANT RD,PENROSE RD,,MAJOR ARTERIAL,TORONTO AND EAST YORK,43.703245,-79.38819,INTERSECTION,AT INTERSECTION,NO CONTROL,CLEAR,DAYLIGHT,DRY,NON-FATAL INJURY,TURNING MOVEMENT,DRIVER,45 to 49,NONE,NORTH,"AUTOMOBILE, STATION WAGON",TURNING LEFT,IMPROPER TURN,NORMAL,,,,,,,"CYCLIST,AUTOMOBILE","SPEEDING,AGGRESIVE AND DISTRACTED",Mount Pleasant West (104)
2017,2017-05-23 4:00:00 AM,900,9,DUNDAS ST E,CARLAW AVE,,MINOR ARTERIAL,TORONTO AND EAST YORK,43.664771,-79.341571,INTERSECTION,AT INTERSECTION,TRAFFIC SIGNAL,CLEAR,DAYLIGHT,DRY,NON-FATAL INJURY,CYCLIST COLLISIONS,CYCLIST,20 to 24,MAJOR,WEST,BICYCLE,GOING AHEAD,,,,,,"Cyclist without ROW rides into path of motorist at inter, lnwy, dwy-Cyclist not turn.",Disobeyed Traffic Control,Unknown,"CYCLIST,AUTOMOBILE",,South Riverdale (70)
2017,2017-05-23 4:00:00 AM,900,9,DUNDAS ST E,CARLAW AVE,,MINOR ARTERIAL,TORONTO AND EAST YORK,43.664771,-79.341571,INTERSECTION,AT INTERSECTION,TRAFFIC SIGNAL,CLEAR,DAYLIGHT,DRY,NON-FATAL INJURY,CYCLIST COLLISIONS,DRIVER,35 to 39,NONE,EAST,"AUTOMOBILE, STATION WAGON",TURNING LEFT,OTHER,NORMAL,,,,,,,"CYCLIST,AUTOMOBILE",,South Riverdale (70)
2017,2017-05-23 4:00:00 AM,900,9,DUNDAS ST E,CARLAW AVE,,MINOR ARTERIAL,TORONTO AND EAST YORK,43.664771,-79.341571,INTERSECTION,AT INTERSECTION,TRAFFIC SIGNAL,CLEAR,DAYLIGHT,DRY,NON-FATAL INJURY,CYCLIST COLLISIONS,DRIVER,55 to 59,NONE,EAST,"AUTOMOBILE, STATION WAGON",TURNING LEFT,DRIVING PROPERLY,NORMAL,,,,,,,"CYCLIST,AUTOMOBILE",,South Riverdale (70)
2017,2017-05-10 4:00:00 AM,900,9,COLLEGE  ST,HENRY ST,,MAJOR ARTERIAL,TORONTO AND EAST YORK,43.658881,-79.394641,INTERSECTION,AT INTERSECTION,NO CONTROL,CLEAR,DAYLIGHT,DRY,NON-FATAL INJURY,CYCLIST COLLISIONS,CYCLIST,25 to 29,MAJOR,EAST,BICYCLE,GOING AHEAD,,,,,,Motorist turned left across cyclists path.,Driving Properly,Normal,"CYCLIST,AUTOMOBILE",AGGRESIVE AND DISTRACTED,Kensington-Chinatown (78)
2017,2017-05-10 4:00:00 AM,900,9,COLLEGE  ST,HENRY ST,,MAJOR ARTERIAL,TORONTO AND EAST YORK,43.658881,-79.394641,INTERSECTION,AT INTERSECTION,NO CONTROL,CLEAR,DAYLIGHT,DRY,NON-FATAL INJURY,CYCLIST COLLISIONS,DRIVER,30 to 34,NONE,WEST,"AUTOMOBILE, STATION WAGON",TURNING LEFT,FAILED TO YIELD RIGHT OF WAY,NORMAL,,,,,,,"CYCLIST,AUTOMOBILE",AGGRESIVE AND DISTRACTED,Kensington-Chinatown (78)
2018,2018-09-26 4:00:00 AM,900,9,MELITA AV,CHRISTIE ST,,MINOR ARTERIAL,TORONTO AND EAST YORK,43.673976,-79.422397,INTERSECTION,AT INTERSECTION,STOP SIGN,CLEAR,DAYLIGHT,DRY,NON-FATAL INJURY,CYCLIST COLLISIONS,DRIVER,35 to 39,NONE,NORTH,"AUTOMOBILE, STATION WAGON",TURNING LEFT,DRIVING PROPERLY,NORMAL,,,,,,,"CYCLIST,AUTOMOBILE",,Wychwood (94)
2018,2018-09-26 4:00:00 AM,900,9,MELITA AV,CHRISTIE ST,,MINOR ARTERIAL,TORONTO AND EAST YORK,43.673976,-79.422397,INTERSECTION,AT INTERSECTION,STOP SIGN,CLEAR,DAYLIGHT,DRY,NON-FATAL INJURY,CYCLIST COLLISIONS,CYCLIST,20 to 24,MAJOR,SOUTH,BICYCLE,GOING AHEAD,,,,,,,Speed too Fast For Condition,Normal,"CYCLIST,AUTOMOBILE",,Wychwood (94)
2018,2018-11-22 5:00:00 AM,900,9,STEELES AVE E,SILVER STAR BLVD,3 m  of,MAJOR ARTERIAL,SCARBOROUGH,43.825247,-79.300037,INTERSECTION,AT INTERSECTION,TRAFFIC SIGNAL,CLEAR,DAYLIGHT,DRY,NON-FATAL INJURY,CYCLIST COLLISIONS,DRIVER,45 to 49,NONE,SOUTH,"AUTOMOBILE, STATION WAGON",TURNING LEFT,FAILED TO YIELD RIGHT OF WAY,INATTENTIVE,,,,,,,"CYCLIST,AUTOMOBILE,PASSENGER",AGGRESIVE AND DISTRACTED,Milliken (130)
2018,2018-11-22 5:00:00 AM,900,9,STEELES AVE E,SILVER STAR BLVD,3 m  of,MAJOR ARTERIAL,SCARBOROUGH,43.825247,-79.300037,INTERSECTION,AT INTERSECTION,TRAFFIC SIGNAL,CLEAR,DAYLIGHT,DRY,NON-FATAL INJURY,CYCLIST COLLISIONS,CYCLIST,65 to 69,MAJOR,NORTH,BICYCLE,GOING AHEAD,,,,,,Motorist turned left across cyclists path.,Driving Properly,Normal,"CYCLIST,AUTOMOBILE,PASSENGER",AGGRESIVE AND DISTRACTED,Milliken (130)
2018,2018-11-22 5:00:00 AM,900,9,STEELES AVE E,SILVER STAR BLVD,3 m  of,MAJOR ARTERIAL,SCARBOROUGH,43.825247,-79.300037,INTERSECTION,AT INTERSECTION,TRAFFIC SIGNAL,CLEAR,DAYLIGHT,DRY,NON-FATAL INJURY,CYCLIST COLLISIONS,PASSENGER,60 to 64,NONE,,,,,,,,,,,,"CYCLIST,AUTOMOBILE,PASSENGER",AGGRESIVE AND DISTRACTED,Milliken (130)
2010,2010-09-23 4:00:00 AM,902,9,KENNEDY ROAD,BERTRAND AVEN,,MAJOR ARTERIAL,SCARBOROUGH,43.737445,-79.27009,INTERSECTION,AT INTERSECTION,TRAFFIC SIGNAL,CLEAR,DAYLIGHT,DRY,NON-FATAL INJURY,CYCLIST COLLISIONS,DRIVER,25 to 29,NONE,NORTH,"AUTOMOBILE, STATION WAGON",GOING AHEAD,DISOBEYED TRAFFIC CONTROL,INATTENTIVE,,,,,,,"CYCLIST,AUTOMOBILE","AGGRESIVE AND DISTRACTED,REDLIGHT",Ionview (125)
2010,2010-09-23 4:00:00 AM,902,9,KENNEDY ROAD,BERTRAND AVEN,,MAJOR ARTERIAL,SCARBOROUGH,43.737445,-79.27009,INTERSECTION,AT INTERSECTION,TRAFFIC SIGNAL,CLEAR,DAYLIGHT,DRY,NON-FATAL INJURY,CYCLIST COLLISIONS,CYCLIST,50 to 54,MAJOR,WEST,BICYCLE,TURNING LEFT,,,,,,"Motorist without ROW drives into path of cyclist at inter, lnwy, dwy-Driver not turn.",Driving Properly,Normal,"CYCLIST,AUTOMOBILE","AGGRESIVE AND DISTRACTED,REDLIGHT",Ionview (125)
2011,2011-08-05 4:00:00 AM,902,9,GREENWOOD AVE,PLAINS RD,,COLLECTOR,TORONTO AND EAST YORK,43.693845,-79.33849,INTERSECTION,AT INTERSECTION,STOP SIGN,CLEAR,DAYLIGHT,DRY,FATAL,CYCLIST COLLISIONS,VEHICLE OWNER,unknown,,,OTHER,,,,,,,,,,"CYCLIST,AUTOMOBILE",AGGRESIVE AND DISTRACTED,Old East York (58)
2011,2011-08-05 4:00:00 AM,902,9,GREENWOOD AVE,PLAINS RD,,COLLECTOR,TORONTO AND EAST YORK,43.693845,-79.33849,INTERSECTION,AT INTERSECTION,STOP SIGN,CLEAR,DAYLIGHT,DRY,FATAL,CYCLIST COLLISIONS,DRIVER,80 to 84,NONE,SOUTH,"AUTOMOBILE, STATION WAGON",GOING AHEAD,FAILED TO YIELD RIGHT OF WAY,INATTENTIVE,,,,,,,"CYCLIST,AUTOMOBILE",AGGRESIVE AND DISTRACTED,Old East York (58)
2011,2011-08-05 4:00:00 AM,902,9,GREENWOOD AVE,PLAINS RD,,COLLECTOR,TORONTO AND EAST YORK,43.693845,-79.33849,INTERSECTION,AT INTERSECTION,STOP SIGN,CLEAR,DAYLIGHT,DRY,FATAL,CYCLIST COLLISIONS,CYCLIST,80 to 84,FATAL,WEST,BICYCLE,GOING AHEAD,,,,,,"Motorist without ROW drives into path of cyclist at inter, lnwy, dwy-Driver not turn.",Driving Properly,Normal,"CYCLIST,AUTOMOBILE",AGGRESIVE AND DISTRACTED,Old East York (58)
2016,2016-09-24 4:00:00 AM,903,9,MIDLAND AVE,SHEPPARD AVE E,,MAJOR ARTERIAL,SCARBOROUGH,43.785277,-79.278529,INTERSECTION,AT INTERSECTION,TRAFFIC SIGNAL,CLEAR,DAYLIGHT,DRY,NON-FATAL INJURY,CYCLIST COLLISIONS,CYCLIST,10 to 14,MAJOR,NORTH,BICYCLE,GOING AHEAD,,,,,,Motorist turned left across cyclists path.,Other,Inattentive,"CYCLIST,AUTOMOBILE,PASSENGER",,Agincourt South-Malvern West (128)
2016,2016-09-24 4:00:00 AM,903,9,MIDLAND AVE,SHEPPARD AVE E,,MAJOR ARTERIAL,SCARBOROUGH,43.785277,-79.278529,INTERSECTION,AT INTERSECTION,TRAFFIC SIGNAL,CLEAR,DAYLIGHT,DRY,NON-FATAL INJURY,CYCLIST COLLISIONS,DRIVER,70 to 74,NONE,SOUTH,"AUTOMOBILE, STATION WAGON",TURNING LEFT,IMPROPER TURN,INATTENTIVE,,,,,,,"CYCLIST,AUTOMOBILE,PASSENGER",,Agincourt South-Malvern West (128)
2016,2016-09-24 4:00:00 AM,903,9,MIDLAND AVE,SHEPPARD AVE E,,MAJOR ARTERIAL,SCARBOROUGH,43.785277,-79.278529,INTERSECTION,AT INTERSECTION,TRAFFIC SIGNAL,CLEAR,DAYLIGHT,DRY,NON-FATAL INJURY,CYCLIST COLLISIONS,PASSENGER,70 to 74,NONE,,,,,,,,,,,,"CYCLIST,AUTOMOBILE,PASSENGER",,Agincourt South-Malvern West (128)
2010,2010-07-29 4:00:00 AM,905,9,UNIVERSITY AVE,QUEEN ST W,,MAJOR ARTERIAL,TORONTO AND EAST YORK,43.650845,-79.38659,INTERSECTION,AT INTERSECTION,TRAFFIC SIGNAL,CLEAR,DAYLIGHT,DRY,NON-FATAL INJURY,CYCLIST COLLISIONS,DRIVER,50 to 54,NONE,NORTH,"AUTOMOBILE, STATION WAGON",GOING AHEAD,DISOBEYED TRAFFIC CONTROL,INATTENTIVE,,,,,,,"CYCLIST,AUTOMOBILE","AGGRESIVE AND DISTRACTED,REDLIGHT",Bay Street Corridor (76)
2010,2010-07-29 4:00:00 AM,905,9,UNIVERSITY AVE,QUEEN ST W,,MAJOR ARTERIAL,TORONTO AND EAST YORK,43.650845,-79.38659,INTERSECTION,AT INTERSECTION,TRAFFIC SIGNAL,CLEAR,DAYLIGHT,DRY,NON-FATAL INJURY,CYCLIST COLLISIONS,CYCLIST,35 to 39,MAJOR,WEST,BICYCLE,GOING AHEAD,,,,,,"Motorist without ROW drives into path of cyclist at inter, lnwy, dwy-Driver not turn.",Disobeyed Traffic Control,Inattentive,"CYCLIST,AUTOMOBILE","AGGRESIVE AND DISTRACTED,REDLIGHT",Bay Street Corridor (76)
2017,2017-10-18 4:00:00 AM,906,9,COWAN AVE,KING  ST W,,MAJOR ARTERIAL,TORONTO AND EAST YORK,43.63795,-79.431827,INTERSECTION,AT INTERSECTION,STOP SIGN,CLEAR,DAYLIGHT,DRY,FATAL,CYCLIST COLLISIONS,CYCLIST,35 to 39,FATAL,EAST,BICYCLE,GOING AHEAD,,,,,,"Motorist without ROW drives into path of cyclist at inter, lnwy, dwy-Driver not turn.",Driving Properly,Normal,"CYCLIST,AUTOMOBILE, TRANSIT/CITY VEHICLE",AGGRESIVE AND DISTRACTED,South Parkdale (85)
2017,2017-10-18 4:00:00 AM,906,9,COWAN AVE,KING  ST W,,MAJOR ARTERIAL,TORONTO AND EAST YORK,43.63795,-79.431827,INTERSECTION,AT INTERSECTION,STOP SIGN,CLEAR,DAYLIGHT,DRY,FATAL,CYCLIST COLLISIONS,DRIVER,25 to 29,NONE,SOUTH,PICK UP TRUCK,GOING AHEAD,FAILED TO YIELD RIGHT OF WAY,NORMAL,,,,,,,"CYCLIST,AUTOMOBILE, TRANSIT/CITY VEHICLE",AGGRESIVE AND DISTRACTED,South Parkdale (85)
2017,2017-10-18 4:00:00 AM,906,9,COWAN AVE,KING  ST W,,MAJOR ARTERIAL,TORONTO AND EAST YORK,43.63795,-79.431827,INTERSECTION,AT INTERSECTION,STOP SIGN,CLEAR,DAYLIGHT,DRY,FATAL,CYCLIST COLLISIONS,DRIVER,50 to 54,NONE,WEST,STREET CAR,GOING AHEAD,DRIVING PROPERLY,NORMAL,,,,,,,"CYCLIST,AUTOMOBILE, TRANSIT/CITY VEHICLE",AGGRESIVE AND DISTRACTED,South Parkdale (85)
2010,2010-06-08 4:00:00 AM,908,9,DUNDAS ST E,SACKVILLE ST,,MAJOR ARTERIAL,TORONTO AND EAST YORK,43.660145,-79.36299,INTERSECTION,,NO CONTROL,CLEAR,DAYLIGHT,DRY,NON-FATAL INJURY,CYCLIST COLLISIONS,DRIVER,35 to 39,NONE,WEST,"AUTOMOBILE, STATION WAGON",OVERTAKING,IMPROPER PASSING,NORMAL,,,,,,,"CYCLIST,AUTOMOBILE",AGGRESIVE AND DISTRACTED,Regent Park (72)
2010,2010-06-08 4:00:00 AM,908,9,DUNDAS ST E,SACKVILLE ST,,MAJOR ARTERIAL,TORONTO AND EAST YORK,43.660145,-79.36299,INTERSECTION,,NO CONTROL,CLEAR,DAYLIGHT,DRY,NON-FATAL INJURY,CYCLIST COLLISIONS,CYCLIST,40 to 44,MAJOR,WEST,BICYCLE,GOING AHEAD,,,,,,Cyclist and Driver travelling in same direction. One vehicle sideswipes the other.,Driving Properly,Normal,"CYCLIST,AUTOMOBILE",AGGRESIVE AND DISTRACTED,Regent Park (72)