YEAR,DATE,TIME,Hour,STREET1,STREET2,OFFSET,ROAD_CLASS,DISTRICT,LATITUDE,LONGITUDE,LOCCOORD,ACCLOC,TRAFFCTL,VISIBILITY,LIGHT,RDSFCOND,ACCLASS,IMPACTYPE,INVTYPE,INVAGE,INJURY,INITDIR,VEHTYPE,MANOEUVER,DRIVACT,DRIVCOND,PEDTYPE,PEDACT,PEDCOND,CYCLISTYPE,CYCACT,CYCCOND,INVOLVED,RELATED,Neighbourh
2013,2013-10-16 4:00:00 AM,710,7,SPADINA AVE,DUNDAS ST W,,MAJOR ARTERIAL,TORONTO AND EAST YORK,43.652507,-79.397853,MID-BLOCK,,NO CONTROL,CLEAR,DAYLIGHT,WET,FATAL,CYCLIST COLLISIONS,CYCLIST,25 to 29,FATAL,NORTH,BICYCLE,GOING AHEAD,,,,,,Cyclist and Driver travelling in same direction. One vehicle sideswipes the other.,Lost control,Normal,"CYCLIST,TRUCK",,Kensington-Chinatown (78)
2013,2013-10-16 4:00:00 AM,710,7,SPADINA AVE,DUNDAS ST W,,MAJOR ARTERIAL,TORONTO AND EAST YORK,43.652507,-79.397853,MID-BLOCK,,NO CONTROL,CLEAR,DAYLIGHT,WET,FATAL,CYCLIST COLLISIONS,OTHER,unknown,NONE,,,,,,,,,,,,"CYCLIST,TRUCK",,Kensington-Chinatown (78)
2017,2017-06-07 4:00:00 AM,715,7,DUNDAS ST W,ELIZABETH ST,,MAJOR ARTERIAL,TORONTO AND EAST YORK,43.655352,-79.385181,INTERSECTION,AT INTERSECTION,NO CONTROL,CLEAR,DAYLIGHT,DRY,NON-FATAL INJURY,CYCLIST COLLISIONS,DRIVER,55 to 59,NONE,WEST,"AUTOMOBILE, STATION WAGON",TURNING LEFT,FAILED TO YIELD RIGHT OF WAY,INATTENTIVE,,,,,,,"CYCLIST,AUTOMOBILE",AGGRESIVE AND DISTRACTED,Bay Street Corridor (76)
2017,2017-06-07 4:00:00 AM,715,7,DUNDAS ST W,ELIZABETH ST,,MAJOR ARTERIAL,TORONTO AND EAST YORK,43.655352,-79.385181,INTERSECTION,AT INTERSECTION,NO CONTROL,CLEAR,DAYLIGHT,DRY,NON-FATAL INJURY,CYCLIST COLLISIONS,CYCLIST,25 to 29,MAJOR,EAST,BICYCLE,GOING AHEAD,,,,,,Motorist turned left across cyclists path.,Driving Properly,Normal,"CYCLIST,AUTOMOBILE",AGGRESIVE AND DISTRACTED,Bay Street Corridor (76)
2010,2010-04-05 4:00:00 AM,730,7,BALDWIN ST,SPADINA AVE,,MAJOR ARTERIAL,TORONTO AND EAST YORK,43.654945,-79.39879,INTERSECTION,AT INTERSECTION,STOP SIGN,CLEAR,DAWN,DRY,NON-FATAL INJURY,CYCLIST COLLISIONS,DRIVER,55 to 59,NONE,WEST,"AUTOMOBILE, STATION WAGON",GOING AHEAD,DRIVING PROPERLY,NORMAL,,,,,,,"CYCLIST,AUTOMOBILE",,Kensington-Chinatown (78)
2010,2010-04-05 4:00:00 AM,730,7,BALDWIN ST,SPADINA AVE,,MAJOR ARTERIAL,TORONTO AND EAST YORK,43.654945,-79.39879,INTERSECTION,AT INTERSECTION,STOP SIGN,CLEAR,DAWN,DRY,NON-FATAL INJURY,CYCLIST COLLISIONS,CYCLIST,65 to 69,MAJOR,SOUTH,BICYCLE,GOING AHEAD,,,,,,"Cyclist without ROW rides into path of motorist at inter, lnwy, dwy-Cyclist not turn.",Failed to Yield Right of Way,Normal,"CYCLIST,AUTOMOBILE",,Kensington-Chinatown (78)
2017,2017-07-18 4:00:00 AM,737,7,YONGE ST,CAMERON AVE,40 m North of,MAJOR ARTERIAL,NORTH YORK,43.757689,-79.409946,MID-BLOCK,NON INTERSECTION,NO CONTROL,CLEAR,DAYLIGHT,DRY,NON-FATAL INJURY,CYCLIST COLLISIONS,TRUCK DRIVER,55 to 59,NONE,SOUTH,TRUCK - DUMP,CHANGING LANES,IMPROPER LANE CHANGE,INATTENTIVE,,,,,,,"CYCLIST,TRUCK",,Willowdale East (51)
2017,2017-07-18 4:00:00 AM,737,7,YONGE ST,CAMERON AVE,40 m North of,MAJOR ARTERIAL,NORTH YORK,43.757689,-79.409946,MID-BLOCK,NON INTERSECTION,NO CONTROL,CLEAR,DAYLIGHT,DRY,NON-FATAL INJURY,CYCLIST COLLISIONS,CYCLIST,40 to 44,MAJOR,SOUTH,BICYCLE,GOING AHEAD,,,,,,Cyclist and Driver travelling in same direction. One vehicle sideswipes the other.,Driving Properly,Normal,"CYCLIST,TRUCK",,Willowdale East (51)
2015,2015-10-14 4:00:00 AM,738,7,BLOOR ST E,ST PAULS SQ,,MAJOR ARTERIAL,TORONTO AND EAST YORK,43.671149,-79.382335,INTERSECTION,INTERSECTION RELATED,NO CONTROL,CLEAR,DAYLIGHT,DRY,NON-FATAL INJURY,CYCLIST COLLISIONS,CYCLIST,40 to 44,MAJOR,WEST,BICYCLE,CHANGING LANES,,,,,,Cyclist and Driver travelling in same direction. One vehicle sideswipes the other.,Lost control,Normal,"CYCLIST,AUTOMOBILE",,Church-Yonge Corridor (75)
2015,2015-10-14 4:00:00 AM,738,7,BLOOR ST E,ST PAULS SQ,,MAJOR ARTERIAL,TORONTO AND EAST YORK,43.671149,-79.382335,INTERSECTION,INTERSECTION RELATED,NO CONTROL,CLEAR,DAYLIGHT,DRY,NON-FATAL INJURY,CYCLIST COLLISIONS,DRIVER,45 to 49,NONE,WEST,"AUTOMOBILE, STATION WAGON",SLOWING OR STOPPING,DRIVING PROPERLY,NORMAL,,,,,,,"CYCLIST,AUTOMOBILE",,Church-Yonge Corridor (75)
2014,2014-05-12 4:00:00 AM,740,7,DUNDAS ST E,LESLIE ST,,MINOR ARTERIAL,TORONTO AND EAST YORK,43.666724,-79.331714,INTERSECTION,AT INTERSECTION,TRAFFIC SIGNAL,CLEAR,DAYLIGHT,DRY,NON-FATAL INJURY,CYCLIST COLLISIONS,DRIVER,35 to 39,NONE,WEST,"AUTOMOBILE, STATION WAGON",TURNING RIGHT,FAILED TO YIELD RIGHT OF WAY,NORMAL,,,,,,,"CYCLIST,AUTOMOBILE,PASSENGER",AGGRESIVE AND DISTRACTED,South Riverdale (70)
2014,2014-05-12 4:00:00 AM,740,7,DUNDAS ST E,LESLIE ST,,MINOR ARTERIAL,TORONTO AND EAST YORK,43.666724,-79.331714,INTERSECTION,AT INTERSECTION,TRAFFIC SIGNAL,CLEAR,DAYLIGHT,DRY,NON-FATAL INJURY,CYCLIST COLLISIONS,PASSENGER,30 to 34,NONE,,,,,,,,,,,,"CYCLIST,AUTOMOBILE,PASSENGER",AGGRESIVE AND DISTRACTED,South Riverdale (70)
2014,2014-05-12 4:00:00 AM,740,7,DUNDAS ST E,LESLIE ST,,MINOR ARTERIAL,TORONTO AND EAST YORK,43.666724,-79.331714,INTERSECTION,AT INTERSECTION,TRAFFIC SIGNAL,CLEAR,DAYLIGHT,DRY,NON-FATAL INJURY,CYCLIST COLLISIONS,PASSENGER,5 to 9,NONE,,,,,,,,,,,,"CYCLIST,AUTOMOBILE,PASSENGER",AGGRESIVE AND DISTRACTED,South Riverdale (70)
2014,2014-05-12 4:00:00 AM,740,7,DUNDAS ST E,LESLIE ST,,MINOR ARTERIAL,TORONTO AND EAST YORK,43.666724,-79.331714,INTERSECTION,AT INTERSECTION,TRAFFIC SIGNAL,CLEAR,DAYLIGHT,DRY,NON-FATAL INJURY,CYCLIST COLLISIONS,PASSENGER,0 to 4,NONE,,,,,,,,,,,,"CYCLIST,AUTOMOBILE,PASSENGER",AGGRESIVE AND DISTRACTED,South Riverdale (70)
2014,2014-05-12 4:00:00 AM,740,7,DUNDAS ST E,LESLIE ST,,MINOR ARTERIAL,TORONTO AND EAST YORK,43.666724,-79.331714,INTERSECTION,AT INTERSECTION,TRAFFIC SIGNAL,CLEAR,DAYLIGHT,DRY,NON-FATAL INJURY,CYCLIST COLLISIONS,CYCLIST,40 to 44,MAJOR,WEST,BICYCLE,GOING AHEAD,,,,,,Motorist turning right on green or amber at signalized intersection strikes cyclist.,Driving Properly,Normal,"CYCLIST,AUTOMOBILE,PASSENGER",AGGRESIVE AND DISTRACTED,South Riverdale (70)
2010,2010-11-19 5:00:00 AM,744,7,LOWER SPADINA AVE,LAKE SHORE BLVD W,,EXPRESSWAY,TORONTO AND EAST YORK,43.638445,-79.39219,INTERSECTION,AT INTERSECTION,TRAFFIC SIGNAL,CLEAR,DAYLIGHT,DRY,FATAL,CYCLIST COLLISIONS,VEHICLE OWNER,unknown,,,OTHER,,,,,,,,,,"CYCLIST, TRANSIT/CITY VEHICLE",,Waterfront Communities-The Island (77)
2010,2010-11-19 5:00:00 AM,744,7,LOWER SPADINA AVE,LAKE SHORE BLVD W,,EXPRESSWAY,TORONTO AND EAST YORK,43.638445,-79.39219,INTERSECTION,AT INTERSECTION,TRAFFIC SIGNAL,CLEAR,DAYLIGHT,DRY,FATAL,CYCLIST COLLISIONS,DRIVER,30 to 34,NONE,SOUTH,MUNICIPAL TRANSIT BUS (TTC),GOING AHEAD,DRIVING PROPERLY,NORMAL,,,,,,,"CYCLIST, TRANSIT/CITY VEHICLE",,Waterfront Communities-The Island (77)
2010,2010-11-19 5:00:00 AM,744,7,LOWER SPADINA AVE,LAKE SHORE BLVD W,,EXPRESSWAY,TORONTO AND EAST YORK,43.638445,-79.39219,INTERSECTION,AT INTERSECTION,TRAFFIC SIGNAL,CLEAR,DAYLIGHT,DRY,FATAL,CYCLIST COLLISIONS,CYCLIST,60 to 64,FATAL,EAST,BICYCLE,PULLING AWAY FROM SHOULDER OR CURB,,,,,,"Cyclist without ROW rides into path of motorist at inter, lnwy, dwy-Cyclist not turn.",Disobeyed Traffic Control,Normal,"CYCLIST, TRANSIT/CITY VEHICLE",,Waterfront Communities-The Island (77)
2009,2009-08-17 4:00:00 AM,745,7,YONGE ST,MILL ST,,MAJOR ARTERIAL,NORTH YORK,43.740345,-79.40589,INTERSECTION,AT INTERSECTION,TRAFFIC SIGNAL,CLEAR,DAYLIGHT,DRY,NON-FATAL INJURY,SMV OTHER,MOPED DRIVER,55 to 59,MAJOR,NORTH,MOPED,GOING AHEAD,LOST CONTROL,NORMAL,,,,,,,CYCLIST,,Bridle Path-Sunnybrook-York Mills (41)
2008,2008-08-26 4:00:00 AM,745,7,ST CLAIR AVE W,WINONA DR,,MAJOR ARTERIAL,TORONTO AND EAST YORK,43.680145,-79.43299,MID-BLOCK,,NO CONTROL,CLEAR,DAYLIGHT,DRY,NON-FATAL INJURY,CYCLIST COLLISIONS,DRIVER,30 to 34,NONE,WEST,"AUTOMOBILE, STATION WAGON",PARKED,OTHER,NORMAL,,,,,,,"CYCLIST,AUTOMOBILE",,Wychwood (94)
2008,2008-08-26 4:00:00 AM,745,7,ST CLAIR AVE W,WINONA DR,,MAJOR ARTERIAL,TORONTO AND EAST YORK,43.680145,-79.43299,MID-BLOCK,,NO CONTROL,CLEAR,DAYLIGHT,DRY,NON-FATAL INJURY,CYCLIST COLLISIONS,CYCLIST,45 to 49,MAJOR,WEST,BICYCLE,GOING AHEAD,,,,,,Cyclist struck opened vehicle door,Driving Properly,Normal,"CYCLIST,AUTOMOBILE",,Wychwood (94)
2013,2013-10-03 4:00:00 AM,748,7,1090 DON MILLS RD,,,MAJOR ARTERIAL,NORTH YORK,43.733699,-79.342525,MID-BLOCK,,NO CONTROL,CLEAR,DAYLIGHT,DRY,NON-FATAL INJURY,CYCLIST COLLISIONS,DRIVER,20 to 24,NONE,NORTH,"AUTOMOBILE, STATION WAGON",TURNING LEFT,FAILED TO YIELD RIGHT OF WAY,INATTENTIVE,,,,,,,"CYCLIST,AUTOMOBILE",AGGRESIVE AND DISTRACTED,Banbury-Don Mills (42)
2013,2013-10-03 4:00:00 AM,748,7,1090 DON MILLS RD,,,MAJOR ARTERIAL,NORTH YORK,43.733699,-79.342525,MID-BLOCK,,NO CONTROL,CLEAR,DAYLIGHT,DRY,NON-FATAL INJURY,CYCLIST COLLISIONS,CYCLIST,45 to 49,MAJOR,SOUTH,BICYCLE,GOING AHEAD,,,,,,Motorist turned left across cyclists path.,Driving Properly,Normal,"CYCLIST,AUTOMOBILE",AGGRESIVE AND DISTRACTED,Banbury-Don Mills (42)
2013,2013-06-13 4:00:00 AM,751,7,ADELAIDE ST E,SHERBOURNE ST,,MAJOR ARTERIAL,TORONTO AND EAST YORK,43.652245,-79.36799,MID-BLOCK,,NO CONTROL,RAIN,DAYLIGHT,WET,NON-FATAL INJURY,CYCLIST COLLISIONS,VEHICLE OWNER,unknown,,,OTHER,,,,,,,,,,"CYCLIST,TRUCK",,Moss Park (73)
2013,2013-06-13 4:00:00 AM,751,7,ADELAIDE ST E,SHERBOURNE ST,,MAJOR ARTERIAL,TORONTO AND EAST YORK,43.652245,-79.36799,MID-BLOCK,,NO CONTROL,RAIN,DAYLIGHT,WET,NON-FATAL INJURY,CYCLIST COLLISIONS,TRUCK DRIVER,35 to 39,NONE,EAST,TRUCK - OPEN,GOING AHEAD,DRIVING PROPERLY,NORMAL,,,,,,,"CYCLIST,TRUCK",,Moss Park (73)
2013,2013-06-13 4:00:00 AM,751,7,ADELAIDE ST E,SHERBOURNE ST,,MAJOR ARTERIAL,TORONTO AND EAST YORK,43.652245,-79.36799,MID-BLOCK,,NO CONTROL,RAIN,DAYLIGHT,WET,NON-FATAL INJURY,CYCLIST COLLISIONS,CYCLIST,25 to 29,MAJOR,EAST,BICYCLE,GOING AHEAD,,,,,,Cyclist and Driver travelling in same direction. One vehicle sideswipes the other.,Lost control,Normal,"CYCLIST,TRUCK",,Moss Park (73)
2013,2013-10-02 4:00:00 AM,752,7,77 KING ST W,,,MAJOR ARTERIAL,TORONTO AND EAST YORK,43.648146,-79.38219,MID-BLOCK,,NO CONTROL,CLEAR,DAYLIGHT,DRY,NON-FATAL INJURY,CYCLIST COLLISIONS,DRIVER,35 to 39,NONE,EAST,"AUTOMOBILE, STATION WAGON",GOING AHEAD,EXCEEDING SPEED LIMIT,NORMAL,,,,,,,"CYCLIST,AUTOMOBILE","SPEEDING,AGGRESIVE AND DISTRACTED",Bay Street Corridor (76)
2013,2013-10-02 4:00:00 AM,752,7,77 KING ST W,,,MAJOR ARTERIAL,TORONTO AND EAST YORK,43.648146,-79.38219,MID-BLOCK,,NO CONTROL,CLEAR,DAYLIGHT,DRY,NON-FATAL INJURY,CYCLIST COLLISIONS,DRIVER,55 to 59,NONE,EAST,"AUTOMOBILE, STATION WAGON",STOPPED,OTHER,INATTENTIVE,,,,,,,"CYCLIST,AUTOMOBILE","SPEEDING,AGGRESIVE AND DISTRACTED",Bay Street Corridor (76)
2013,2013-10-02 4:00:00 AM,752,7,77 KING ST W,,,MAJOR ARTERIAL,TORONTO AND EAST YORK,43.648146,-79.38219,MID-BLOCK,,NO CONTROL,CLEAR,DAYLIGHT,DRY,NON-FATAL INJURY,CYCLIST COLLISIONS,CYCLIST,30 to 34,MAJOR,EAST,BICYCLE,OVERTAKING,,,,,,Cyclist struck opened vehicle door,Driving Properly,Normal,"CYCLIST,AUTOMOBILE","SPEEDING,AGGRESIVE AND DISTRACTED",Bay Street Corridor (76)
2017,2017-05-17 4:00:00 AM,752,7,MILLWOOD RD,OVERLEA BLVD,20 m South of,MAJOR ARTERIAL,NORTH YORK,43.701914,-79.352802,INTERSECTION,INTERSECTION RELATED,TRAFFIC SIGNAL,CLEAR,DAYLIGHT,DRY,NON-FATAL INJURY,CYCLIST COLLISIONS,CYCLIST,10 to 14,MAJOR,NORTH,BICYCLE,MERGING,,,,,,Cyclist and Driver travelling in same direction. One vehicle sideswipes the other.,Improper Lane Change,Normal,"CYCLIST,AUTOMOBILE",,Thorncliffe Park (55)
2017,2017-05-17 4:00:00 AM,752,7,MILLWOOD RD,OVERLEA BLVD,20 m South of,MAJOR ARTERIAL,NORTH YORK,43.701914,-79.352802,INTERSECTION,INTERSECTION RELATED,TRAFFIC SIGNAL,CLEAR,DAYLIGHT,DRY,NON-FATAL INJURY,CYCLIST COLLISIONS,DRIVER,60 to 64,NONE,NORTH,"AUTOMOBILE, STATION WAGON",GOING AHEAD,DRIVING PROPERLY,NORMAL,,,,,,,"CYCLIST,AUTOMOBILE",,Thorncliffe Park (55)
2014,2014-05-27 4:00:00 AM,755,7,STEELES AVE W,PETER KAISER GT,,MAJOR ARTERIAL,ETOBICOKE YORK,43.7741,-79.527782,MID-BLOCK,NON INTERSECTION,NO CONTROL,CLEAR,DAYLIGHT,DRY,NON-FATAL INJURY,CYCLIST COLLISIONS,DRIVER,50 to 54,NONE,EAST,"AUTOMOBILE, STATION WAGON",CHANGING LANES,IMPROPER LANE CHANGE,NORMAL,,,,,,,"CYCLIST,AUTOMOBILE",,Black Creek (24)
2014,2014-05-27 4:00:00 AM,755,7,STEELES AVE W,PETER KAISER GT,,MAJOR ARTERIAL,ETOBICOKE YORK,43.7741,-79.527782,MID-BLOCK,NON INTERSECTION,NO CONTROL,CLEAR,DAYLIGHT,DRY,NON-FATAL INJURY,CYCLIST COLLISIONS,CYCLIST,45 to 49,MAJOR,EAST,BICYCLE,GOING AHEAD,,,,,,Cyclist and Driver travelling in same direction. One vehicle sideswipes the other.,Driving Properly,Normal,"CYCLIST,AUTOMOBILE",,Black Creek (24)
2017,2017-12-15 5:00:00 AM,757,7,BAMBURGH CRCL,FUNDY BAY  BLVD,50 m East of,COLLECTOR,SCARBOROUGH,43.812712,-79.321346,MID-BLOCK,NON INTERSECTION,NO CONTROL,CLEAR,DAYLIGHT,WET,NON-FATAL INJURY,CYCLIST COLLISIONS,DRIVER,85 to 89,NONE,NORTH,"AUTOMOBILE, STATION WAGON",GOING AHEAD,OTHER,NORMAL,,,,,,,"CYCLIST,AUTOMOBILE",,Steeles (116)
2017,2017-12-15 5:00:00 AM,757,7,BAMBURGH CRCL,FUNDY BAY  BLVD,50 m East of,COLLECTOR,SCARBOROUGH,43.812712,-79.321346,MID-BLOCK,NON INTERSECTION,NO CONTROL,CLEAR,DAYLIGHT,WET,NON-FATAL INJURY,CYCLIST COLLISIONS,CYCLIST,65 to 69,MAJOR,NORTH,BICYCLE,GOING AHEAD,,,,,,Cyclist and Driver travelling in same direction. One vehicle sideswipes the other.,Driving Properly,Unknown,"CYCLIST,AUTOMOBILE",,Steeles (116)
2008,2008-07-18 4:00:00 AM,800,8,RIVERDALE AVE,PAPE AVE,,LOCAL,TORONTO AND EAST YORK,43.671345,-79.34119,MID-BLOCK,,NO CONTROL,CLEAR,DAYLIGHT,DRY,NON-FATAL INJURY,CYCLIST COLLISIONS,DRIVER,30 to 34,NONE,NORTH,"AUTOMOBILE, STATION WAGON",TURNING LEFT,FAILED TO YIELD RIGHT OF WAY,NORMAL,,,,,,,"CYCLIST,AUTOMOBILE",AGGRESIVE AND DISTRACTED,Blake-Jones (69)
2008,2008-07-18 4:00:00 AM,800,8,RIVERDALE AVE,PAPE AVE,,LOCAL,TORONTO AND EAST YORK,43.671345,-79.34119,MID-BLOCK,,NO CONTROL,CLEAR,DAYLIGHT,DRY,NON-FATAL INJURY,CYCLIST COLLISIONS,CYCLIST,55 to 59,MAJOR,EAST,BICYCLE,GOING AHEAD,,,,,,Motorist turned left across cyclists path.,Driving Properly,Normal,"CYCLIST,AUTOMOBILE",AGGRESIVE AND DISTRACTED,Blake-Jones (69)
2018,2018-05-16 4:00:00 AM,800,8,JONES AVE,DUNDAS ST E,,MINOR ARTERIAL,TORONTO AND EAST YORK,43.666098,-79.334277,INTERSECTION,AT INTERSECTION,TRAFFIC SIGNAL,CLEAR,DAYLIGHT,DRY,FATAL,CYCLIST COLLISIONS,TRUCK DRIVER,25 to 29,NONE,WEST,"TRUCK - CLOSED (BLAZER, ETC)",TURNING RIGHT,FAILED TO YIELD RIGHT OF WAY,NORMAL,,,,,,,"CYCLIST,TRUCK",AGGRESIVE AND DISTRACTED,South Riverdale (70)
2018,2018-05-16 4:00:00 AM,800,8,JONES AVE,DUNDAS ST E,,MINOR ARTERIAL,TORONTO AND EAST YORK,43.666098,-79.334277,INTERSECTION,AT INTERSECTION,TRAFFIC SIGNAL,CLEAR,DAYLIGHT,DRY,FATAL,CYCLIST COLLISIONS,CYCLIST,50 to 54,FATAL,WEST,BICYCLE,GOING AHEAD,,,,,,Motorist turning right on green or amber at signalized intersection strikes cyclist.,Driving Properly,Normal,"CYCLIST,TRUCK",AGGRESIVE AND DISTRACTED,South Riverdale (70)
2008,2008-04-21 4:00:00 AM,805,8,BLOOR ST W,OLD MILL TER,,MAJOR ARTERIAL,ETOBICOKE YORK,43.649645,-79.49539,INTERSECTION,,TRAFFIC SIGNAL,CLEAR,DAYLIGHT,DRY,NON-FATAL INJURY,CYCLIST COLLISIONS,DRIVER,35 to 39,NONE,SOUTH,"AUTOMOBILE, STATION WAGON",TURNING RIGHT,DRIVING PROPERLY,NORMAL,,,,,,,"CYCLIST,AUTOMOBILE",,Kingsway South (15)
2008,2008-04-21 4:00:00 AM,805,8,BLOOR ST W,OLD MILL TER,,MAJOR ARTERIAL,ETOBICOKE YORK,43.649645,-79.49539,INTERSECTION,,TRAFFIC SIGNAL,CLEAR,DAYLIGHT,DRY,NON-FATAL INJURY,CYCLIST COLLISIONS,CYCLIST,20 to 24,MAJOR,EAST,BICYCLE,GOING AHEAD,,,,,,Motorist turning right on green or amber at signalized intersection strikes cyclist.,Other,Normal,"CYCLIST,AUTOMOBILE",,Kingsway South (15)
2008,2008-09-10 4:00:00 AM,806,8,TRETHEWEY DR,TEDDER ST,,MINOR ARTERIAL,ETOBICOKE YORK,43.697345,-79.49899,INTERSECTION,AT INTERSECTION,NO CONTROL,CLEAR,DAYLIGHT,DRY,FATAL,CYCLIST COLLISIONS,DRIVER,50 to 54,NONE,EAST,"AUTOMOBILE, STATION WAGON",TURNING LEFT,FAILED TO YIELD RIGHT OF WAY,INATTENTIVE,,,,,,,"CYCLIST,AUTOMOBILE","SPEEDING,AGGRESIVE AND DISTRACTED",Brookhaven-Amesbury (30)
2008,2008-09-10 4:00:00 AM,806,8,TRETHEWEY DR,TEDDER ST,,MINOR ARTERIAL,ETOBICOKE YORK,43.697345,-79.49899,INTERSECTION,AT INTERSECTION,NO CONTROL,CLEAR,DAYLIGHT,DRY,FATAL,CYCLIST COLLISIONS,CYCLIST,50 to 54,FATAL,WEST,BICYCLE,,,,,,,Motorist turned left across cyclists path.,Driving Properly,Normal,"CYCLIST,AUTOMOBILE","SPEEDING,AGGRESIVE AND DISTRACTED",Brookhaven-Amesbury (30)
2008,2008-05-28 4:00:00 AM,810,8,PARLIAMENT ST,LAKE SHORE BLVD E,,MINOR ARTERIAL,TORONTO AND EAST YORK,43.648645,-79.36149,MID-BLOCK,AT INTERSECTION,NO CONTROL,CLEAR,DAYLIGHT,DRY,NON-FATAL INJURY,CYCLIST COLLISIONS,DRIVER,40 to 44,NONE,NORTH,"AUTOMOBILE, STATION WAGON",GOING AHEAD,DRIVING PROPERLY,NORMAL,,,,,,,"CYCLIST,AUTOMOBILE",,Waterfront Communities-The Island (77)
2008,2008-05-28 4:00:00 AM,810,8,PARLIAMENT ST,LAKE SHORE BLVD E,,MINOR ARTERIAL,TORONTO AND EAST YORK,43.648645,-79.36149,MID-BLOCK,AT INTERSECTION,NO CONTROL,CLEAR,DAYLIGHT,DRY,NON-FATAL INJURY,CYCLIST COLLISIONS,CYCLIST,20 to 24,MAJOR,NORTH,BICYCLE,CHANGING LANES,,,,,,Cyclist and Driver travelling in same direction. One vehicle sideswipes the other.,Improper Lane Change,Inattentive,"CYCLIST,AUTOMOBILE",,Waterfront Communities-The Island (77)
2011,2011-10-18 4:00:00 AM,810,8,LANSDOWNE AVE,COLLEGE ST,,MINOR ARTERIAL,TORONTO AND EAST YORK,43.650939,-79.43996,INTERSECTION,AT INTERSECTION,TRAFFIC SIGNAL,CLEAR,DAYLIGHT,DRY,NON-FATAL INJURY,CYCLIST COLLISIONS,DRIVER,35 to 39,NONE,NORTH,"AUTOMOBILE, STATION WAGON",SLOWING OR STOPPING,OTHER,NORMAL,,,,,,,"CYCLIST,AUTOMOBILE",,Dufferin Grove (83)
2011,2011-10-18 4:00:00 AM,810,8,LANSDOWNE AVE,COLLEGE ST,,MINOR ARTERIAL,TORONTO AND EAST YORK,43.650939,-79.43996,INTERSECTION,AT INTERSECTION,TRAFFIC SIGNAL,CLEAR,DAYLIGHT,DRY,NON-FATAL INJURY,CYCLIST COLLISIONS,CYCLIST,40 to 44,MAJOR,NORTH,BICYCLE,GOING AHEAD,,,,,,Cyclist and Driver travelling in same direction. One vehicle rear-ended the other.,Other,Normal,"CYCLIST,AUTOMOBILE",,Dufferin Grove (83)
2013,2013-10-22 4:00:00 AM,811,8,BATHURST ST,COLLEGE ST,,MAJOR ARTERIAL,TORONTO AND EAST YORK,43.656409,-79.40768,INTERSECTION,AT INTERSECTION,TRAFFIC SIGNAL,CLEAR,DAYLIGHT,DRY,NON-FATAL INJURY,CYCLIST COLLISIONS,DRIVER,50 to 54,MAJOR,SOUTH,"AUTOMOBILE, STATION WAGON",TURNING LEFT,DRIVING PROPERLY,NORMAL,,,,,,,"CYCLIST,AUTOMOBILE",,Kensington-Chinatown (78)
2013,2013-10-22 4:00:00 AM,811,8,BATHURST ST,COLLEGE ST,,MAJOR ARTERIAL,TORONTO AND EAST YORK,43.656409,-79.40768,INTERSECTION,AT INTERSECTION,TRAFFIC SIGNAL,CLEAR,DAYLIGHT,DRY,NON-FATAL INJURY,CYCLIST COLLISIONS,CYCLIST,45 to 49,MINOR,SOUTH,BICYCLE,GOING AHEAD,,,,,,"Cyclist without ROW rides into path of motorist at inter, lnwy, dwy-Cyclist not turn.",Other,Normal,"CYCLIST,AUTOMOBILE",,Kensington-Chinatown (78)
2010,2010-05-13 4:00:00 AM,812,8,BLOOR ST W,SPADINA AVE,,MAJOR ARTERIAL,TORONTO AND EAST YORK,43.666645,-79.40389,INTERSECTION,AT INTERSECTION,TRAFFIC SIGNAL,CLEAR,DAYLIGHT,DRY,NON-FATAL INJURY,CYCLIST COLLISIONS,DRIVER,50 to 54,NONE,WEST,"AUTOMOBILE, STATION WAGON",TURNING LEFT,FAILED TO YIELD RIGHT OF WAY,INATTENTIVE,,,,,,,"CYCLIST,AUTOMOBILE",AGGRESIVE AND DISTRACTED,University (79)
2010,2010-05-13 4:00:00 AM,812,8,BLOOR ST W,SPADINA AVE,,MAJOR ARTERIAL,TORONTO AND EAST YORK,43.666645,-79.40389,INTERSECTION,AT INTERSECTION,TRAFFIC SIGNAL,CLEAR,DAYLIGHT,DRY,NON-FATAL INJURY,CYCLIST COLLISIONS,CYCLIST,25 to 29,MAJOR,EAST,BICYCLE,GOING AHEAD,,,,,,Motorist turned left across cyclists path.,Driving Properly,Normal,"CYCLIST,AUTOMOBILE",AGGRESIVE AND DISTRACTED,University (79)
2015,2015-10-06 4:00:00 AM,813,8,KING ST W,SUDBURY ST,15 m West of,MAJOR ARTERIAL,TORONTO AND EAST YORK,43.640975,-79.417232,INTERSECTION,NON INTERSECTION,TRAFFIC SIGNAL,CLEAR,DAYLIGHT,DRY,NON-FATAL INJURY,CYCLIST COLLISIONS,CYCLIST,20 to 24,MAJOR,EAST,BICYCLE,CHANGING LANES,,,,,,Cyclist and Driver travelling in same direction. One vehicle sideswipes the other.,Improper Lane Change,Inattentive,"CYCLIST,AUTOMOBILE",,Niagara (82)