YEAR,DATE,TIME,Hour,STREET1,STREET2,OFFSET,ROAD_CLASS,DISTRICT,LATITUDE,LONGITUDE,LOCCOORD,ACCLOC,TRAFFCTL,VISIBILITY,LIGHT,RDSFCOND,ACCLASS,IMPACTYPE,INVTYPE,INVAGE,INJURY,INITDIR,VEHTYPE,MANOEUVER,DRIVACT,DRIVCOND,PEDTYPE,PEDACT,PEDCOND,CYCLISTYPE,CYCACT,CYCCOND,INVOLVED,RELATED,Neighbourh
2012,2012-07-27 4:00:00 AM,2133,21,KINGSTON RD,LAWRENCE AVE E,,MAJOR ARTERIAL,SCARBOROUGH,43.767646,-79.189586,INTERSECTION,AT INTERSECTION,TRAFFIC SIGNAL,CLEAR,"DUSK, ARTIFICIAL",DRY,FATAL,CYCLIST COLLISIONS,CYCLIST,15 to 19,FATAL,SOUTH,BICYCLE,GOING AHEAD,,,,,,"Cyclist without ROW rides into path of motorist at inter, lnwy, dwy-Cyclist not turn.",Disobeyed Traffic Control,Unknown,"CYCLIST,AUTOMOBILE",,West Hill (136)
2009,2009-05-22 4:00:00 AM,2135,21,675 ANNETTE STRE,,,MINOR ARTERIAL,TORONTO AND EAST YORK,43.659045,-79.48429,MID-BLOCK,,NO CONTROL,CLEAR,DARK,DRY,NON-FATAL INJURY,CYCLIST COLLISIONS,DRIVER,35 to 39,NONE,EAST,"AUTOMOBILE, STATION WAGON",GOING AHEAD,FOLLOWING TOO CLOSE,NORMAL,,,,,,,"CYCLIST,AUTOMOBILE",AGGRESIVE AND DISTRACTED,Runnymede-Bloor West Village (89)
2009,2009-05-22 4:00:00 AM,2135,21,675 ANNETTE STRE,,,MINOR ARTERIAL,TORONTO AND EAST YORK,43.659045,-79.48429,MID-BLOCK,,NO CONTROL,CLEAR,DARK,DRY,NON-FATAL INJURY,CYCLIST COLLISIONS,CYCLIST,15 to 19,MAJOR,EAST,BICYCLE,TURNING LEFT,,,,,,Cyclist and Driver travelling in same direction. One vehicle rear-ended the other.,Other,Normal,"CYCLIST,AUTOMOBILE",AGGRESIVE AND DISTRACTED,Runnymede-Bloor West Village (89)
2015,2015-09-27 4:00:00 AM,2136,21,336 BIRCHMOUNT RD,,3 m South of,MINOR ARTERIAL,SCARBOROUGH,43.698958,-79.264797,MID-BLOCK,NON INTERSECTION,NO CONTROL,CLEAR,"DARK, ARTIFICIAL",DRY,NON-FATAL INJURY,CYCLIST COLLISIONS,DRIVER,65 to 69,NONE,SOUTH,"AUTOMOBILE, STATION WAGON",GOING AHEAD,FOLLOWING TOO CLOSE,INATTENTIVE,,,,,,,"CYCLIST,AUTOMOBILE",AGGRESIVE AND DISTRACTED,Birchcliffe-Cliffside (122)
2015,2015-09-27 4:00:00 AM,2136,21,336 BIRCHMOUNT RD,,3 m South of,MINOR ARTERIAL,SCARBOROUGH,43.698958,-79.264797,MID-BLOCK,NON INTERSECTION,NO CONTROL,CLEAR,"DARK, ARTIFICIAL",DRY,NON-FATAL INJURY,CYCLIST COLLISIONS,CYCLIST,35 to 39,MAJOR,SOUTH,BICYCLE,STOPPED,,,,,,Cyclist and Driver travelling in same direction. One vehicle rear-ended the other.,Driving Properly,Normal,"CYCLIST,AUTOMOBILE",AGGRESIVE AND DISTRACTED,Birchcliffe-Cliffside (122)
2012,2012-10-11 4:00:00 AM,2140,21,YONGE ST,CRESCENT RD,,MAJOR ARTERIAL,TORONTO AND EAST YORK,43.676945,-79.38949,INTERSECTION,AT INTERSECTION,TRAFFIC SIGNAL,CLEAR,"DARK, ARTIFICIAL",DRY,NON-FATAL INJURY,CYCLIST COLLISIONS,DRIVER,75 to 79,NONE,SOUTH,"AUTOMOBILE, STATION WAGON",TURNING LEFT,FAILED TO YIELD RIGHT OF WAY,INATTENTIVE,,,,,,,"CYCLIST,AUTOMOBILE",AGGRESIVE AND DISTRACTED,Rosedale-Moore Park (98)
2012,2012-10-11 4:00:00 AM,2140,21,YONGE ST,CRESCENT RD,,MAJOR ARTERIAL,TORONTO AND EAST YORK,43.676945,-79.38949,INTERSECTION,AT INTERSECTION,TRAFFIC SIGNAL,CLEAR,"DARK, ARTIFICIAL",DRY,NON-FATAL INJURY,CYCLIST COLLISIONS,CYCLIST,20 to 24,MAJOR,NORTH,BICYCLE,GOING AHEAD,,,,,,Motorist turned left across cyclists path.,Driving Properly,Normal,"CYCLIST,AUTOMOBILE",AGGRESIVE AND DISTRACTED,Rosedale-Moore Park (98)
2013,2013-09-21 4:00:00 AM,2140,21,QUEEN ST W,BATHURST ST,,MAJOR ARTERIAL,TORONTO AND EAST YORK,43.647116,-79.403972,INTERSECTION,AT INTERSECTION,TRAFFIC SIGNAL,CLEAR,"DARK, ARTIFICIAL",DRY,NON-FATAL INJURY,CYCLIST COLLISIONS,DRIVER,15 to 19,NONE,EAST,"AUTOMOBILE, STATION WAGON",CHANGING LANES,IMPROPER LANE CHANGE,HAD BEEN DRINKING,,,,,,,"CYCLIST,AUTOMOBILE",,Waterfront Communities-The Island (77)
2013,2013-09-21 4:00:00 AM,2140,21,QUEEN ST W,BATHURST ST,,MAJOR ARTERIAL,TORONTO AND EAST YORK,43.647116,-79.403972,INTERSECTION,AT INTERSECTION,TRAFFIC SIGNAL,CLEAR,"DARK, ARTIFICIAL",DRY,NON-FATAL INJURY,CYCLIST COLLISIONS,CYCLIST,40 to 44,MAJOR,EAST,BICYCLE,GOING AHEAD,,,,,,Cyclist and Driver travelling in same direction. One vehicle sideswipes the other.,Driving Properly,Normal,"CYCLIST,AUTOMOBILE",,Waterfront Communities-The Island (77)
2010,2010-07-20 4:00:00 AM,2141,21,FLEET ST,FLEET LAKE SHORE BLVD RAMP ST,,MAJOR ARTERIAL,TORONTO AND EAST YORK,43.636045,-79.40209,MID-BLOCK,,TRAFFIC SIGNAL,CLEAR,DARK,DRY,NON-FATAL INJURY,CYCLIST COLLISIONS,VEHICLE OWNER,unknown,,,OTHER,,,,,,,,,,"CYCLIST, TRANSIT/CITY VEHICLE",,Niagara (82)
2010,2010-07-20 4:00:00 AM,2141,21,FLEET ST,FLEET LAKE SHORE BLVD RAMP ST,,MAJOR ARTERIAL,TORONTO AND EAST YORK,43.636045,-79.40209,MID-BLOCK,,TRAFFIC SIGNAL,CLEAR,DARK,DRY,NON-FATAL INJURY,CYCLIST COLLISIONS,DRIVER,50 to 54,NONE,WEST,MUNICIPAL TRANSIT BUS (TTC),GOING AHEAD,DRIVING PROPERLY,NORMAL,,,,,,,"CYCLIST, TRANSIT/CITY VEHICLE",,Niagara (82)
2010,2010-07-20 4:00:00 AM,2141,21,FLEET ST,FLEET LAKE SHORE BLVD RAMP ST,,MAJOR ARTERIAL,TORONTO AND EAST YORK,43.636045,-79.40209,MID-BLOCK,,TRAFFIC SIGNAL,CLEAR,DARK,DRY,NON-FATAL INJURY,CYCLIST COLLISIONS,CYCLIST,50 to 54,MAJOR,NORTH,BICYCLE,GOING AHEAD,,,,,,"Cyclist without ROW rides into path of motorist at inter, lnwy, dwy-Cyclist not turn.",Disobeyed Traffic Control,Normal,"CYCLIST, TRANSIT/CITY VEHICLE",,Niagara (82)
2017,2017-08-31 4:00:00 AM,2141,21,YONGE ST,YONGE BLVD,,MAJOR ARTERIAL,NORTH YORK,43.73429,-79.404529,INTERSECTION,AT INTERSECTION,TRAFFIC CONTROLLER,CLEAR,"DAYLIGHT, ARTIFICIAL",DRY,NON-FATAL INJURY,CYCLIST COLLISIONS,DRIVER,20 to 24,NONE,EAST,PICK UP TRUCK,TURNING RIGHT,IMPROPER TURN,NORMAL,,,,,,,"CYCLIST,AUTOMOBILE",,Bridle Path-Sunnybrook-York Mills (41)
2017,2017-08-31 4:00:00 AM,2141,21,YONGE ST,YONGE BLVD,,MAJOR ARTERIAL,NORTH YORK,43.73429,-79.404529,INTERSECTION,AT INTERSECTION,TRAFFIC CONTROLLER,CLEAR,"DAYLIGHT, ARTIFICIAL",DRY,NON-FATAL INJURY,CYCLIST COLLISIONS,CYCLIST,20 to 24,MAJOR,NORTH,BICYCLE,GOING AHEAD,,,,,,Motorist turning right on red at signalized intersection strikes cyclist.,Improper Passing,Normal,"CYCLIST,AUTOMOBILE",,Bridle Path-Sunnybrook-York Mills (41)
2012,2012-10-11 4:00:00 AM,2148,21,SHEPPARD AVE E,PARKWAY FOREST DR,,MAJOR ARTERIAL,NORTH YORK,43.775824,-79.343715,INTERSECTION,AT INTERSECTION,TRAFFIC SIGNAL,RAIN,DARK,WET,NON-FATAL INJURY,TURNING MOVEMENT,VEHICLE OWNER,unknown,,,OTHER,,,,,,,,,,"CYCLIST,AUTOMOBILE",AGGRESIVE AND DISTRACTED,Henry Farm (53)
2012,2012-10-11 4:00:00 AM,2148,21,SHEPPARD AVE E,PARKWAY FOREST DR,,MAJOR ARTERIAL,NORTH YORK,43.775824,-79.343715,INTERSECTION,AT INTERSECTION,TRAFFIC SIGNAL,RAIN,DARK,WET,NON-FATAL INJURY,TURNING MOVEMENT,DRIVER,35 to 39,NONE,WEST,"AUTOMOBILE, STATION WAGON",TURNING LEFT,FAILED TO YIELD RIGHT OF WAY,INATTENTIVE,,,,,,,"CYCLIST,AUTOMOBILE",AGGRESIVE AND DISTRACTED,Henry Farm (53)
2012,2012-10-11 4:00:00 AM,2148,21,SHEPPARD AVE E,PARKWAY FOREST DR,,MAJOR ARTERIAL,NORTH YORK,43.775824,-79.343715,INTERSECTION,AT INTERSECTION,TRAFFIC SIGNAL,RAIN,DARK,WET,NON-FATAL INJURY,TURNING MOVEMENT,MOPED DRIVER,50 to 54,MAJOR,EAST,OTHER,GOING AHEAD,DRIVING PROPERLY,NORMAL,,,,,,,"CYCLIST,AUTOMOBILE",AGGRESIVE AND DISTRACTED,Henry Farm (53)
2015,2015-01-09 5:00:00 AM,2148,21,SPADINA AVE,ST ANDREW ST,6 m North of,MAJOR ARTERIAL,TORONTO AND EAST YORK,43.654383,-79.398639,INTERSECTION,INTERSECTION RELATED,TRAFFIC SIGNAL,CLEAR,"DARK, ARTIFICIAL",WET,NON-FATAL INJURY,CYCLIST COLLISIONS,CYCLIST,35 to 39,MAJOR,SOUTH,BICYCLE,TURNING LEFT,,,,,,Cyclist turned left across motorists path.,Improper Turn,Had Been Drinking,"CYCLIST, TRANSIT/CITY VEHICLE",,Kensington-Chinatown (78)
2015,2015-01-09 5:00:00 AM,2148,21,SPADINA AVE,ST ANDREW ST,6 m North of,MAJOR ARTERIAL,TORONTO AND EAST YORK,43.654383,-79.398639,INTERSECTION,INTERSECTION RELATED,TRAFFIC SIGNAL,CLEAR,"DARK, ARTIFICIAL",WET,NON-FATAL INJURY,CYCLIST COLLISIONS,DRIVER,35 to 39,NONE,SOUTH,STREET CAR,GOING AHEAD,DRIVING PROPERLY,NORMAL,,,,,,,"CYCLIST, TRANSIT/CITY VEHICLE",,Kensington-Chinatown (78)
2017,2017-05-25 4:00:00 AM,2150,21,MOUNT PLEASANT RD,BROADWAY AVE,,MAJOR ARTERIAL,TORONTO AND EAST YORK,43.711058,-79.391185,INTERSECTION,AT INTERSECTION,TRAFFIC SIGNAL,RAIN,"DARK, ARTIFICIAL",WET,NON-FATAL INJURY,CYCLIST COLLISIONS,DRIVER,15 to 19,NONE,SOUTH,"AUTOMOBILE, STATION WAGON",TURNING LEFT,FAILED TO YIELD RIGHT OF WAY,INATTENTIVE,,,,,,,"CYCLIST,AUTOMOBILE,PASSENGER",AGGRESIVE AND DISTRACTED,Mount Pleasant East (99)
2017,2017-05-25 4:00:00 AM,2150,21,MOUNT PLEASANT RD,BROADWAY AVE,,MAJOR ARTERIAL,TORONTO AND EAST YORK,43.711058,-79.391185,INTERSECTION,AT INTERSECTION,TRAFFIC SIGNAL,RAIN,"DARK, ARTIFICIAL",WET,NON-FATAL INJURY,CYCLIST COLLISIONS,CYCLIST,65 to 69,MAJOR,NORTH,BICYCLE,GOING AHEAD,,,,,,Motorist turned left across cyclists path.,Driving Properly,Normal,"CYCLIST,AUTOMOBILE,PASSENGER",AGGRESIVE AND DISTRACTED,Mount Pleasant East (99)
2017,2017-05-25 4:00:00 AM,2150,21,MOUNT PLEASANT RD,BROADWAY AVE,,MAJOR ARTERIAL,TORONTO AND EAST YORK,43.711058,-79.391185,INTERSECTION,AT INTERSECTION,TRAFFIC SIGNAL,RAIN,"DARK, ARTIFICIAL",WET,NON-FATAL INJURY,CYCLIST COLLISIONS,PASSENGER,15 to 19,NONE,,,,,,,,,,,,"CYCLIST,AUTOMOBILE,PASSENGER",AGGRESIVE AND DISTRACTED,Mount Pleasant East (99)
2013,2013-09-02 4:00:00 AM,2152,21,THE WEST MALL,CIVIC CENTRE CRT,,MINOR ARTERIAL,ETOBICOKE YORK,43.642237,-79.56599,INTERSECTION,,TRAFFIC SIGNAL,CLEAR,DARK,DRY,NON-FATAL INJURY,CYCLIST COLLISIONS,DRIVER,unknown,NONE,WEST,"AUTOMOBILE, STATION WAGON",TURNING RIGHT,FAILED TO YIELD RIGHT OF WAY,NORMAL,,,,,,,"CYCLIST,AUTOMOBILE",AGGRESIVE AND DISTRACTED,Etobicoke West Mall (13)
2013,2013-09-02 4:00:00 AM,2152,21,THE WEST MALL,CIVIC CENTRE CRT,,MINOR ARTERIAL,ETOBICOKE YORK,43.642237,-79.56599,INTERSECTION,,TRAFFIC SIGNAL,CLEAR,DARK,DRY,NON-FATAL INJURY,CYCLIST COLLISIONS,CYCLIST,25 to 29,MAJOR,NORTH,BICYCLE,GOING AHEAD,,,,,,Motorist turning right on red at signalized intersection strikes cyclist.,Driving Properly,Normal,"CYCLIST,AUTOMOBILE",AGGRESIVE AND DISTRACTED,Etobicoke West Mall (13)
2010,2010-09-09 4:00:00 AM,2158,21,SQUIRES AVEN,FERRIS ROAD,,COLLECTOR,TORONTO AND EAST YORK,43.704745,-79.29889,INTERSECTION,AT INTERSECTION,STOP SIGN,CLEAR,DARK,DRY,NON-FATAL INJURY,CYCLIST COLLISIONS,VEHICLE OWNER,unknown,,,OTHER,,,,,,,,,,"CYCLIST, TRANSIT/CITY VEHICLE",,O'Connor-Parkview (54)
2010,2010-09-09 4:00:00 AM,2158,21,SQUIRES AVEN,FERRIS ROAD,,COLLECTOR,TORONTO AND EAST YORK,43.704745,-79.29889,INTERSECTION,AT INTERSECTION,STOP SIGN,CLEAR,DARK,DRY,NON-FATAL INJURY,CYCLIST COLLISIONS,DRIVER,50 to 54,NONE,WEST,MUNICIPAL TRANSIT BUS (TTC),GOING AHEAD,DRIVING PROPERLY,NORMAL,,,,,,,"CYCLIST, TRANSIT/CITY VEHICLE",,O'Connor-Parkview (54)
2010,2010-09-09 4:00:00 AM,2158,21,SQUIRES AVEN,FERRIS ROAD,,COLLECTOR,TORONTO AND EAST YORK,43.704745,-79.29889,INTERSECTION,AT INTERSECTION,STOP SIGN,CLEAR,DARK,DRY,NON-FATAL INJURY,CYCLIST COLLISIONS,CYCLIST,20 to 24,MAJOR,SOUTH,BICYCLE,TURNING LEFT,,,,,,Cyclist turned left across motorists path.,Failed to Yield Right of Way,Inattentive,"CYCLIST, TRANSIT/CITY VEHICLE",,O'Connor-Parkview (54)
2014,2014-08-17 4:00:00 AM,2159,21,KINGSTON RD,PICKERING ST,10 m East of,MAJOR ARTERIAL,TORONTO AND EAST YORK,43.680213,-79.289912,INTERSECTION,AT INTERSECTION,NO CONTROL,CLEAR,"DARK, ARTIFICIAL",DRY,NON-FATAL INJURY,CYCLIST COLLISIONS,CYCLIST,15 to 19,MAJOR,WEST,BICYCLE,CHANGING LANES,,,,,,Cyclist and Driver travelling in same direction. One vehicle sideswipes the other.,Improper Lane Change,Inattentive,"CYCLIST,AUTOMOBILE",,The Beaches (63)
2014,2014-08-17 4:00:00 AM,2159,21,KINGSTON RD,PICKERING ST,10 m East of,MAJOR ARTERIAL,TORONTO AND EAST YORK,43.680213,-79.289912,INTERSECTION,AT INTERSECTION,NO CONTROL,CLEAR,"DARK, ARTIFICIAL",DRY,NON-FATAL INJURY,CYCLIST COLLISIONS,DRIVER,50 to 54,NONE,WEST,"AUTOMOBILE, STATION WAGON",GOING AHEAD,DRIVING PROPERLY,NORMAL,,,,,,,"CYCLIST,AUTOMOBILE",,The Beaches (63)
2014,2014-08-17 4:00:00 AM,2159,21,KINGSTON RD,PICKERING ST,,MAJOR ARTERIAL,TORONTO AND EAST YORK,43.680282,-79.289921,MID-BLOCK,NON INTERSECTION,NO CONTROL,CLEAR,"DARK, ARTIFICIAL",DRY,NON-FATAL INJURY,CYCLIST COLLISIONS,DRIVER,50 to 54,NONE,WEST,"AUTOMOBILE, STATION WAGON",GOING AHEAD,DRIVING PROPERLY,NORMAL,,,,,,,"CYCLIST,AUTOMOBILE",,The Beaches (63)
2014,2014-08-17 4:00:00 AM,2159,21,KINGSTON RD,PICKERING ST,,MAJOR ARTERIAL,TORONTO AND EAST YORK,43.680282,-79.289921,MID-BLOCK,NON INTERSECTION,NO CONTROL,CLEAR,"DARK, ARTIFICIAL",DRY,NON-FATAL INJURY,CYCLIST COLLISIONS,CYCLIST,15 to 19,MAJOR,WEST,BICYCLE,CHANGING LANES,,,,,,,Improper Lane Change,Inattentive,"CYCLIST,AUTOMOBILE",,The Beaches (63)
2015,2015-09-16 4:00:00 AM,2200,22,BIRMINGHAM ST,SIXTEENTH ST,1 m East of,COLLECTOR,ETOBICOKE YORK,43.601107,-79.516086,INTERSECTION,NON INTERSECTION,NO CONTROL,CLEAR,"DARK, ARTIFICIAL",DRY,NON-FATAL INJURY,CYCLIST COLLISIONS,CYCLIST,50 to 54,MAJOR,WEST,BICYCLE,CHANGING LANES,,,,,,Cyclist and Driver travelling in same direction. One vehicle sideswipes the other.,Improper Lane Change,Inattentive,"CYCLIST,AUTOMOBILE",,New Toronto (18)
2015,2015-09-16 4:00:00 AM,2200,22,BIRMINGHAM ST,SIXTEENTH ST,1 m East of,COLLECTOR,ETOBICOKE YORK,43.601107,-79.516086,INTERSECTION,NON INTERSECTION,NO CONTROL,CLEAR,"DARK, ARTIFICIAL",DRY,NON-FATAL INJURY,CYCLIST COLLISIONS,DRIVER,50 to 54,NONE,WEST,"AUTOMOBILE, STATION WAGON",GOING AHEAD,DRIVING PROPERLY,NORMAL,,,,,,,"CYCLIST,AUTOMOBILE",,New Toronto (18)
2017,2017-10-21 4:00:00 AM,2200,22,45 CUMMER  AVE,,,MINOR ARTERIAL,NORTH YORK,43.787329,-79.415561,MID-BLOCK,NON INTERSECTION,NO CONTROL,CLEAR,"DARK, ARTIFICIAL",DRY,NON-FATAL INJURY,CYCLIST COLLISIONS,CYCLIST,30 to 34,MAJOR,EAST,BICYCLE,GOING AHEAD,,,,,,Cyclist and Driver travelling in same direction. One vehicle rear-ended the other.,Driving Properly,Unknown,"CYCLIST,AUTOMOBILE",,Newtonbrook East (50)
2017,2017-10-21 4:00:00 AM,2200,22,45 CUMMER  AVE,,,MINOR ARTERIAL,NORTH YORK,43.787329,-79.415561,MID-BLOCK,NON INTERSECTION,NO CONTROL,CLEAR,"DARK, ARTIFICIAL",DRY,NON-FATAL INJURY,CYCLIST COLLISIONS,DRIVER,unknown,NONE,EAST,"AUTOMOBILE, STATION WAGON",GOING AHEAD,LOST CONTROL,UNKNOWN,,,,,,,"CYCLIST,AUTOMOBILE",,Newtonbrook East (50)
2008,2008-08-06 4:00:00 AM,2210,22,ANCONA ST,FINCH AVE W,,MAJOR ARTERIAL,NORTH YORK,43.774545,-79.43879,INTERSECTION,AT INTERSECTION,STOP SIGN,CLEAR,DARK,DRY,NON-FATAL INJURY,CYCLIST COLLISIONS,DRIVER,unknown,NONE,NORTH,"AUTOMOBILE, STATION WAGON",TURNING LEFT,IMPROPER TURN,INATTENTIVE,,,,,,,"CYCLIST,AUTOMOBILE",,Willowdale West (37)
2008,2008-08-06 4:00:00 AM,2210,22,ANCONA ST,FINCH AVE W,,MAJOR ARTERIAL,NORTH YORK,43.774545,-79.43879,INTERSECTION,AT INTERSECTION,STOP SIGN,CLEAR,DARK,DRY,NON-FATAL INJURY,CYCLIST COLLISIONS,CYCLIST,40 to 44,MAJOR,WEST,BICYCLE,GOING AHEAD,,,,,,Motorist turned left across cyclists path.,Driving Properly,Normal,"CYCLIST,AUTOMOBILE",,Willowdale West (37)
2017,2017-03-24 4:00:00 AM,2213,22,FINCH AVE E,DORIS AVE,,MAJOR ARTERIAL,NORTH YORK,43.780406,-79.412273,INTERSECTION,AT INTERSECTION,TRAFFIC SIGNAL,RAIN,"DARK, ARTIFICIAL",WET,NON-FATAL INJURY,CYCLIST COLLISIONS,DRIVER,50 to 54,NONE,NORTH,"AUTOMOBILE, STATION WAGON",TURNING LEFT,IMPROPER TURN,INATTENTIVE,,,,,,,"CYCLIST,AUTOMOBILE",,Willowdale East (51)
2017,2017-03-24 4:00:00 AM,2213,22,FINCH AVE E,DORIS AVE,,MAJOR ARTERIAL,NORTH YORK,43.780406,-79.412273,INTERSECTION,AT INTERSECTION,TRAFFIC SIGNAL,RAIN,"DARK, ARTIFICIAL",WET,NON-FATAL INJURY,CYCLIST COLLISIONS,CYCLIST,20 to 24,MAJOR,SOUTH,BICYCLE,GOING AHEAD,,,,,,Motorist turned left across cyclists path.,Disobeyed Traffic Control,Inattentive,"CYCLIST,AUTOMOBILE",,Willowdale East (51)
2016,2016-10-05 4:00:00 AM,2215,22,BLOOR ST E,DRUMSNAB RD,,MAJOR ARTERIAL,TORONTO AND EAST YORK,43.674296,-79.367328,INTERSECTION,INTERSECTION RELATED,NO CONTROL,CLEAR,"DARK, ARTIFICIAL",DRY,NON-FATAL INJURY,CYCLIST COLLISIONS,DRIVER,unknown,NONE,EAST,"AUTOMOBILE, STATION WAGON",TURNING LEFT,IMPROPER TURN,UNKNOWN,,,,,,,"CYCLIST,AUTOMOBILE",,Cabbagetown-South St.James Town (71)
2016,2016-10-05 4:00:00 AM,2215,22,BLOOR ST E,DRUMSNAB RD,,MAJOR ARTERIAL,TORONTO AND EAST YORK,43.674296,-79.367328,INTERSECTION,INTERSECTION RELATED,NO CONTROL,CLEAR,"DARK, ARTIFICIAL",DRY,NON-FATAL INJURY,CYCLIST COLLISIONS,CYCLIST,35 to 39,MAJOR,WEST,BICYCLE,GOING AHEAD,,,,,,Motorist turned left across cyclists path.,Driving Properly,Normal,"CYCLIST,AUTOMOBILE",,Cabbagetown-South St.James Town (71)
2018,2018-09-23 4:00:00 AM,2228,22,CENTENNIAL PARK BLVD,EGLINTON  AVE W,,MAJOR ARTERIAL,ETOBICOKE YORK,43.65576,-79.598361,INTERSECTION,AT INTERSECTION,TRAFFIC SIGNAL,CLEAR,"DARK, ARTIFICIAL",DRY,NON-FATAL INJURY,CYCLIST COLLISIONS,DRIVER,55 to 59,NONE,NORTH,"AUTOMOBILE, STATION WAGON",TURNING RIGHT,FAILED TO YIELD RIGHT OF WAY,NORMAL,,,,,,,"CYCLIST,AUTOMOBILE",AGGRESIVE AND DISTRACTED,Eringate-Centennial-West Deane (11)
2018,2018-09-23 4:00:00 AM,2228,22,CENTENNIAL PARK BLVD,EGLINTON  AVE W,,MAJOR ARTERIAL,ETOBICOKE YORK,43.65576,-79.598361,INTERSECTION,AT INTERSECTION,TRAFFIC SIGNAL,CLEAR,"DARK, ARTIFICIAL",DRY,NON-FATAL INJURY,CYCLIST COLLISIONS,CYCLIST,35 to 39,MAJOR,EAST,BICYCLE,GOING AHEAD,,,,,,Motorist turning right on red at signalized intersection strikes cyclist.,Driving Properly,Normal,"CYCLIST,AUTOMOBILE",AGGRESIVE AND DISTRACTED,Eringate-Centennial-West Deane (11)
2011,2011-09-21 4:00:00 AM,2233,22,DUFFERIN STRE,DUNDAS STRE W,,MINOR ARTERIAL,TORONTO AND EAST YORK,43.649645,-79.43149,INTERSECTION,AT INTERSECTION,TRAFFIC SIGNAL,CLEAR,"DARK, ARTIFICIAL",WET,NON-FATAL INJURY,CYCLIST COLLISIONS,DRIVER,25 to 29,NONE,NORTH,"AUTOMOBILE, STATION WAGON",GOING AHEAD,DRIVING PROPERLY,UNKNOWN,,,,,,,"CYCLIST,AUTOMOBILE",,Little Portugal (84)
2011,2011-09-21 4:00:00 AM,2233,22,DUFFERIN STRE,DUNDAS STRE W,,MINOR ARTERIAL,TORONTO AND EAST YORK,43.649645,-79.43149,INTERSECTION,AT INTERSECTION,TRAFFIC SIGNAL,CLEAR,"DARK, ARTIFICIAL",WET,NON-FATAL INJURY,CYCLIST COLLISIONS,CYCLIST,20 to 24,MAJOR,SOUTH,BICYCLE,TURNING LEFT,,,,,,Cyclist turned left across motorists path.,Improper Turn,Unknown,"CYCLIST,AUTOMOBILE",,Little Portugal (84)
2018,2018-06-28 4:00:00 AM,2234,22,VICTORIA PARK AVE,FARMCREST  DR,1 m North of,EXPRESSWAY,SCARBOROUGH,43.771048,-79.321101,INTERSECTION,INTERSECTION RELATED,NO CONTROL,CLEAR,"DARK, ARTIFICIAL",DRY,NON-FATAL INJURY,CYCLIST COLLISIONS,CYCLIST,55 to 59,MAJOR,NORTH,BICYCLE,GOING AHEAD,,,,,,"Cyclist loses control and strikes object (pole, ttc track)",Lost control,Had Been Drinking,CYCLIST,,Tam O'Shanter-Sullivan (118)
2009,2009-07-06 4:00:00 AM,2235,22,BRIMLEY RD S,BLUFFERS PARK RD,,COLLECTOR,SCARBOROUGH,43.709545,-79.23849,MID-BLOCK,,NO CONTROL,CLEAR,DARK,DRY,NON-FATAL INJURY,CYCLIST COLLISIONS,DRIVER,20 to 24,NONE,NORTH,"AUTOMOBILE, STATION WAGON",GOING AHEAD,DRIVING PROPERLY,NORMAL,,,,,,,"CYCLIST,AUTOMOBILE",,Cliffcrest (123)
2009,2009-07-06 4:00:00 AM,2235,22,BRIMLEY RD S,BLUFFERS PARK RD,,COLLECTOR,SCARBOROUGH,43.709545,-79.23849,MID-BLOCK,,NO CONTROL,CLEAR,DARK,DRY,NON-FATAL INJURY,CYCLIST COLLISIONS,CYCLIST,15 to 19,MAJOR,SOUTH,BICYCLE,GOING AHEAD,,,,,,Cyclist falls off bike - no contact with motorist.,Lost control,Inattentive,"CYCLIST,AUTOMOBILE",,Cliffcrest (123)
2013,2013-07-12 4:00:00 AM,2240,22,DUFFERIN ST,HOLMESDALE RD,,MAJOR ARTERIAL,TORONTO AND EAST YORK,43.688601,-79.44736,INTERSECTION,AT INTERSECTION,TRAFFIC SIGNAL,CLEAR,"DARK, ARTIFICIAL",DRY,NON-FATAL INJURY,CYCLIST COLLISIONS,DRIVER,55 to 59,MINIMAL,NORTH,"AUTOMOBILE, STATION WAGON",TURNING LEFT,IMPROPER TURN,NORMAL,,,,,,,"CYCLIST,AUTOMOBILE",,Oakwood Village (107)
2013,2013-07-12 4:00:00 AM,2240,22,DUFFERIN ST,HOLMESDALE RD,,MAJOR ARTERIAL,TORONTO AND EAST YORK,43.688601,-79.44736,INTERSECTION,AT INTERSECTION,TRAFFIC SIGNAL,CLEAR,"DARK, ARTIFICIAL",DRY,NON-FATAL INJURY,CYCLIST COLLISIONS,CYCLIST,15 to 19,MAJOR,SOUTH,BICYCLE,GOING AHEAD,,,,,,Motorist turned left across cyclists path.,Driving Properly,Normal,"CYCLIST,AUTOMOBILE",,Oakwood Village (107)